Message.Log.Name1,Message.Log.Name2,Message.Log.Name3,Message.Log.Name4,Message.Log.Name5,Message.Log.ilsts1,Message.Log.Name6,Message.Log.Name7,Message.Log.Name8,Message.Log.Name9,Message.Log.Name10,Message.Log.Name11,Message.Log.Name12,Message.Log.Name13,Message.Log.Name14,Message.Log.Name15,Message.Log.Name16,Message.Log.Name17,Message.Log.Name18,Message.Log.Name19,Message.Log.Name20,Message.Log.Name21,Message.Log.Name22,Message.Log.Name23,Message.Log.Name24,Message.Log.Name25,Message.Log.Name26,Message.Log.Name27,Message.Log.Name28,Message.Log.Name29,Message.Log.Name30,Message.Log.Name31,Message.Log.Name32,Message.Log.Name33,Message.Log.Name34,Message.Log.Name35,Message.Log.Name36,Message.Log.Name37,Message.Log.Name38,label
7.39,7779.932,3.36,7.32,7.3,7,0,30.57,32.6,30.73,23276.75,5,2795720,32.32,2,2,2,272,5.05,9330,36,0.0052,-0.75,-0.03,0.22,5.39,0.39,0,652,27,0,259,0,0,0,2.57,23,77.37,652,1
7.36,5220.337,23.39,7.33,7.5,7.37,0,67.72,36.37,37.76,20569.75,3,2795723,37.35,3,3,3,252,2.75,5333,33.6,0.0027,0.57,-0.07,0.27,5.39,0.39,76,500,27,222,237,2,2,2,2.25,29,77.65,399,1
7.63,3093.365,3.39,9.5,9.5,7.33,0,27.5,30.22,36.2,9759.029,7,2795737,36.99,2,2,2,233,2.77,3532,33.6,0.0023,0.97,-0.03,0.22,5.39,0.39,0,322,27,0,0,0,0,0,2.23,20,77.7,320,0
7.39,7779.932,3.36,7.32,7.3,7,0,30.57,32.6,30.73,23276.75,5,2795720,32.32,2,2,2,272,5.05,9330,36,0.0052,-0.75,-0.03,0.22,5.39,0.39,0,652,27,0,259,0,0,0,2.57,23,77.37,652,1
7.36,5220.337,23.39,7.33,7.5,7.37,0,67.72,36.37,37.76,20569.75,3,2795723,37.35,3,3,3,252,2.75,5333,33.6,0.0027,0.57,-0.07,0.27,5.39,0.39,76,500,27,222,237,2,2,2,2.25,29,77.65,399,1
7.63,3093.365,3.39,9.5,9.5,7.33,0,27.5,30.22,36.2,9759.029,7,2795737,36.99,2,2,2,233,2.77,3532,33.6,0.0023,0.97,-0.03,0.22,5.39,0.39,0,322,27,0,0,0,0,0,2.23,20,77.7,320,0
7.39,7779.932,3.36,7.32,7.3,7,0,30.57,32.6,30.73,23276.75,5,2795720,32.32,2,2,2,272,5.05,9330,36,0.0052,-0.75,-0.03,0.22,5.39,0.39,0,652,27,0,259,0,0,0,2.57,23,77.37,652,1
7.36,5220.337,23.39,7.33,7.5,7.37,0,67.72,36.37,37.76,20569.75,3,2795723,37.35,3,3,3,252,2.75,5333,33.6,0.0027,0.57,-0.07,0.27,5.39,0.39,76,500,27,222,237,2,2,2,2.25,29,77.65,399,1
7.63,3093.365,3.39,9.5,9.5,7.33,0,27.5,30.22,36.2,9759.029,7,2795737,36.99,2,2,2,233,2.77,3532,33.6,0.0023,0.97,-0.03,0.22,5.39,0.39,0,322,27,0,0,0,0,0,2.23,20,77.7,320,0
